slug: "apply"
template: "default"
title: "Apply"

meta:
  robots: "index, follow"
  priority: 0.8
  change_frequency: "monthly"

schema:
  include:
    - "organization"
    - "website"

programs:
  - id: "full-stack"
    name_en: "Full Stack Developer"
    name_es: "Desarrollador Full Stack"
  - id: "data-science-ml"
    name_en: "Data Science & Machine Learning"
    name_es: "Ciencia de Datos y Machine Learning"
  - id: "ai-engineering"
    name_en: "AI Engineering"
    name_es: "Ingeniería de IA"
  - id: "cybersecurity"
    name_en: "Cybersecurity"
    name_es: "Ciberseguridad"
  - id: "ai-for-professionals"
    name_en: "AI for Professionals"
    name_es: "IA para Profesionales"

locations:
  - id: "online"
    name_en: "Online"
    name_es: "En línea"
    region: "online"
  - id: "miami-usa"
    name_en: "Miami, USA"
    name_es: "Miami, EE.UU."
    region: "usa-canada"
  - id: "newyork-usa"
    name_en: "NYC, USA"
    name_es: "NYC, EE.UU."
    region: "usa-canada"
  - id: "orlando-usa"
    name_en: "Orlando, USA"
    name_es: "Orlando, EE.UU."
    region: "usa-canada"
  - id: "toronto-canada"
    name_en: "Toronto, Canada"
    name_es: "Toronto, Canadá"
    region: "usa-canada"
  - id: "madrid-spain"
    name_en: "Madrid, Spain"
    name_es: "Madrid, España"
    region: "europe"
  - id: "barcelona-spain"
    name_en: "Barcelona, Spain"
    name_es: "Barcelona, España"
    region: "europe"
  - id: "mexicocity-mexico"
    name_en: "Mexico City, Mexico"
    name_es: "Ciudad de México, México"
    region: "latam"
  - id: "bogota-colombia"
    name_en: "Bogotá, Colombia"
    name_es: "Bogotá, Colombia"
    region: "latam"
  - id: "santiago-chile"
    name_en: "Santiago, Chile"
    name_es: "Santiago, Chile"
    region: "latam"
  - id: "atlanta-usa"
    name_en: "Atlanta, USA"
    name_es: "Atlanta, EE.UU."
    region: "usa-canada"
  - id: "austin-usa"
    name_en: "Austin, USA"
    name_es: "Austin, EE.UU."
    region: "usa-canada"
  - id: "chicago-usa"
    name_en: "Chicago, USA"
    name_es: "Chicago, EE.UU."
    region: "usa-canada"
  - id: "dallas-usa"
    name_en: "Dallas, USA"
    name_es: "Dallas, EE.UU."
    region: "usa-canada"
  - id: "houston-usa"
    name_en: "Houston, USA"
    name_es: "Houston, EE.UU."
    region: "usa-canada"
  - id: "losangeles-usa"
    name_en: "Los Angeles, USA"
    name_es: "Los Ángeles, EE.UU."
    region: "usa-canada"
  - id: "tampa-usa"
    name_en: "Tampa, USA"
    name_es: "Tampa, EE.UU."
    region: "usa-canada"
  - id: "berlin-germany"
    name_en: "Berlin, Germany"
    name_es: "Berlín, Alemania"
    region: "europe"
  - id: "dublin-ireland"
    name_en: "Dublin, Ireland"
    name_es: "Dublín, Irlanda"
    region: "europe"
  - id: "hamburg-germany"
    name_en: "Hamburg, Germany"
    name_es: "Hamburgo, Alemania"
    region: "europe"
  - id: "lisbon-portugal"
    name_en: "Lisbon, Portugal"
    name_es: "Lisboa, Portugal"
    region: "europe"
  - id: "malaga-spain"
    name_en: "Malaga, Spain"
    name_es: "Málaga, España"
    region: "europe"
  - id: "milan-italy"
    name_en: "Milan, Italy"
    name_es: "Milán, Italia"
    region: "europe"
  - id: "munich-germany"
    name_en: "Munich, Germany"
    name_es: "Múnich, Alemania"
    region: "europe"
  - id: "rome-italy"
    name_en: "Rome, Italy"
    name_es: "Roma, Italia"
    region: "europe"
  - id: "valencia-spain"
    name_en: "Valencia, Spain"
    name_es: "Valencia, España"
    region: "europe"
  - id: "buenosaires-argentina"
    name_en: "Buenos Aires, Argentina"
    name_es: "Buenos Aires, Argentina"
    region: "latam"
  - id: "caracas-venezuela"
    name_en: "Caracas, Venezuela"
    name_es: "Caracas, Venezuela"
    region: "latam"
  - id: "costa-rica"
    name_en: "Costa Rica"
    name_es: "Costa Rica"
    region: "latam"
  - id: "lapaz-bolivia"
    name_en: "La Paz, Bolivia"
    name_es: "La Paz, Bolivia"
    region: "latam"
  - id: "lima-peru"
    name_en: "Lima, Peru"
    name_es: "Lima, Perú"
    region: "latam"
  - id: "montevideo-uruguay"
    name_en: "Montevideo, Uruguay"
    name_es: "Montevideo, Uruguay"
    region: "latam"
  - id: "panamacity-panama"
    name_en: "Panama City, Panama"
    name_es: "Ciudad de Panamá, Panamá"
    region: "latam"
  - id: "quito-ecuador"
    name_en: "Quito, Ecuador"
    name_es: "Quito, Ecuador"
    region: "latam"
